1,1,Start,00:23:02
2,1,Success,00:24:02
3,2,Start,00:53:02
4,2,Success,00:54:02
5,3,Start,01:23:02
6,3,Success,01:24:02
7,4,Start,05:31:02
8,4,Success,05:32:02
9,5,Start,07:53:02
10,5,Success,07:54:02
11,6,Start,19:23:02
12,6,Success,19:24:02
13,8,Start,22:23:02
14,8,Success,22:24:02
15,9,Start,22:23:02
16,9,Success,22:24:02
17,10,Start,19:41:02
18,10,Success,19:42:02
19,11,Start,22:23:02
20,11,Failure,22:24:02
21,12,Start,17:23:02
22,12,Success,17:24:02
23,13,Start,11:23:02
24,13,Success,11:24:02
25,15,Start,19:23:02
26,15,Success,19:24:02
